#1 Driver,Lightning,Fairway Driver,""
#1 Flyer,Lightning,Distance Driver,""
#1 Helix,Lightning,Distance Driver,""
#1 Hookshot,Lightning,Fairway Driver,""
#1 Hyzer,Lightning,Fairway Driver,""
#1 Roller,Lightning,Fairway Driver,""
#1 Slice,Lightning,Fairway Driver,""
#2 Driver,Lightning,Fairway Driver,""
#2 Flyer,Lightning,Distance Driver,""
#2 Helix,Lightning,Distance Driver,""
#2 Hookshot,Lightning,Mid-Range,""
#2 Hyzer,Lightning,Mid-Range,""
#2 Putter,Lightning,Putt & Approach,""
#2 Roller,Lightning,Fairway Driver,""
#2 Slice,Lightning,Fairway Driver,""
#2 Upshot,Lightning,Mid-Range,""
#3 Driver,Lightning,Fairway Driver,""
#3 Flyer,Lightning,Fairway Driver,""
#3 Hookshot,Lightning,Mid-Range,""
#3 Hyzer,Lightning,Mid-Range,""
#3 Slice,Lightning,Mid-Range,""
#4 Driver,Lightning,Fairway Driver,""
10 M Brick,Quest AT,Putt & Approach,""
10 M Crossfire,Quest AT,Putt & Approach,""
100 M Lazer,Quest AT,Fairway Driver,""
50 Cal,Arsenal,Fairway Driver,""
86 Softie,Wham-O,Putt & Approach,""
A1,Prodigy Disc,Mid-Range,"3, 3, 0, 3"
A2,Prodigy Disc,Mid-Range,"4, 4, 0, 3"
A3,Prodigy Disc,Mid-Range,"4, 4, 0, 3"
A4,Prodigy Disc,Mid-Range,"4, 4, -1, 2"
Ace,Innova,Putt & Approach,"2, 3, -2, 1"
Addax,Wild Discs,Mid-Range,"5, 5, 0, 2"
Aero,Innova,Putt & Approach,"3, 6, 0, 0"
Aftermath,Legacy,Distance Driver,"13, 5, -2, 3"
Aftershock,DGA,Mid-Range,"4, 3, 0, 2"
Ahti,Westside,Fairway Driver,"9, 3, 0, 4"
Air Strike,Arsenal,Distance Driver,""
AK-47,Fly High Discs,Putt & Approach,""
Albatross,Daredevil,Distance Driver,"14, 6, -2, 3"
Alias,Axiom,Mid-Range,"4, 4, -1, 1"
All in One,Hole 19,Putt & Approach,""
Alpaca,Infinite Discs,Putt & Approach,"3, 3, 0, 1"
Alpha,Mint Discs,Fairway Driver,"8, 4, 0, 2"
Amp,MVP,Fairway Driver,"8, 5, -1, 1"
Anax,Discraft,Distance Driver,"10, 6, 0, 3"
Anchor,Latitude 64,Mid-Range,"5, 4, 0, 3"
Andro 1,Ozone Discs,Mid-Range,""
Andro C,Ozone Discs,Mid-Range,"6, 4, -1, 2"
Andro C (Retooled),Ozone Discs,Mid-Range,""
Animus,Thought Space Athletics,Distance Driver,"10, 4, 0, 2"
Anode,MVP,Putt & Approach,"3, 3, 0, 0"
Antidote,Salient Discs,Mid-Range,""
Anubis,Infinite Discs,Mid-Range,"5, 5, 0, 0"
Anvil,Westside,Mid-Range,"4, 2, 0, 4"
Apache,Gateway,Fairway Driver,"9, 4, -1, 2"
Ape,Innova,Distance Driver,"13, 5, 0, 4"
Apex,Gateway,Distance Driver,"12, 6, -1, 2"
APX,Discraft,Putt & Approach,"2, 3, -1, 1"
Aquarius,Millennium,Distance Driver,"10, 5, -4, 2"
Arch,Vibram,Fairway Driver,"8, 5, 0, 2"
Archangel,Innova,Fairway Driver,"8, 6, -4, 1"
Archer,Discraft,Mid-Range,"5, 4, -4, 1"
Archon,Innova,Distance Driver,"11, 5, -2, 2"
Arcturus,RPM Discs,Fairway Driver,""
Aries,Millennium,Distance Driver,"11, 6, -3, 1"
Arrow,Aerobie,Putt & Approach,"1, 2, 0, 1"
Ascent,Vibram,Fairway Driver,"8, 4, 0, 3"
Assassin,Gateway,Distance Driver,"9, 6, -2, 1"
Astra,Millennium,Distance Driver,"11, 5, -2, 2"
Astra-X,Millennium,Distance Driver,"11, 5, -2, 3"
Astronaut,Discmania,Distance Driver,"12, 6, -4, 1"
Astronaut.,Discmania,Distance Driver,""
Atlas,Innova,Mid-Range,"5, 5, 0, 1"
Atom,MVP,Putt & Approach,"3, 3, 0, 1"
Atomic Raptor X,RPM Discs,Distance Driver,""
Aurora MF,Millennium,Mid-Range,""
Aurora MS,Millennium,Mid-Range,"4, 5, -1, 1"
Avatar,Innova,Mid-Range,"5, 4, 0, 2"
Avenger,Discraft,Distance Driver,"10, 5, 0, 3"
Avenger SS,Discraft,Distance Driver,"10, 5, -3, 1"
Aviar Big Bead Driver,Innova,Putt & Approach,""
Aviar Classic,Innova,Putt & Approach,"2, 3, 0, 0"
Aviar P&A,Innova,Putt & Approach,""
Aviar3,Innova,Putt & Approach,"3, 2, 0, 2"
AviarX3,Innova,Putt & Approach,"3, 2, 0, 3"
Axe,Viking,Mid-Range,""
Axe Driver,Black Jax Sports,Fairway Driver,""
Axis,MVP,Mid-Range,"5, 5, -1, 1"
Aztec,Infinite Discs,Distance Driver,"10, 5, -1, 2"
Backbone,Quest AT,Mid-Range,""
Backdraft,Salient Discs,Distance Driver,""
Ballista,Latitude 64,Distance Driver,"14, 5, -1, 3"
Ballista Pro,Latitude 64,Distance Driver,"14, 4, 0, 3"
Ballistic,RIP,Distance Driver,"13, 4, -2, 3"
Bandit,Legacy,Distance Driver,"9, 5, -2, 1"
Banger-GT,Discraft,Putt & Approach,"2, 3, 0, 1"
Banshee,Innova,Fairway Driver,"7, 3, 0, 3"
Banzai,DGA,Fairway Driver,"8, 4, 0, 3"
Barbarian,Viking,Fairway Driver,""
Bard,Westside,Mid-Range,"5, 4, 0, 3"
Barracuda,Innova,Mid-Range,"5, 4, -2, 3"
Beast,Innova,Distance Driver,"10, 5, -2, 2"
Beast (Original),Innova,Distance Driver,""
Beaver,Daredevil,Putt & Approach,"2, 3, 0, 1"
Bee Line,ABC,Distance Driver,"14, 5, -3, 2"
Beetle,Latitude 64,Putt & Approach,"1, 7, -1, 0"
Berg,Kastaplast,Putt & Approach,"1, 1, 0, 2"
Berserker,Viking,Putt & Approach,""
BerZerker,Black Zombie,Distance Driver,""
Big Foot,Daredevil,Distance Driver,"13, 5, -2, 2"
Bighorn,Daredevil,Putt & Approach,"2, 3, 0, 1"
Bird-Dog,Paradigm,Putt & Approach,""
Birdie,Innova,Putt & Approach,"1, 2, 0, 0"
Blade,Gateway,Fairway Driver,"9, 5, 0, 3"
Blast DT,Gateway,Distance Driver,""
Blaze,Gateway,Fairway Driver,"7, 5, 0, 3"
Blitz,Latitude 64,Distance Driver,"12, 3, 0, 4"
Blowfly,DGA,Putt & Approach,""
Blowfly II,DGA,Putt & Approach,"3, 2, -1, 1"
Blunt Driver,DGA,Putt & Approach,""
Blunt Gumbputt,DGA,Putt & Approach,"2, 2, 0, 2"
Blurr,Gateway,Distance Driver,""
Boa,Reptilian Disc Golf,Fairway Driver,""
Boatman,Westside,Distance Driver,"11, 5, 0, 2"
Bobcat,Mint,Mid-Range,""
Bolt,Latitude 64,Distance Driver,"13, 6, -2, 3"
Bomb,CHING,Fairway Driver,""
Boom,DKG,Distance Driver,""
Boss,Innova,Distance Driver,"13, 5, 0, 3"
Bounty,Dynamic Discs,Mid-Range,"4, 5, -1, 0"
Breaker,DGA,Putt & Approach,"4, 3, 0, 3"
Breakout,Dynamic Discs,Fairway Driver,"8, 5, -1, 1"
Breeze,Discraft,Mid-Range,""
Brontosaurus,Dino Discs,Mid-Range,"5, 5, -1, 0"
Bryce,Latitude 64,Fairway Driver,"9, 6, -2, 2"
Buffalo,Daredevil,Distance Driver,"9, 4, -1, 5"
Bulldog,Innova,Mid-Range,"4, 3, 0, 2"
Bullet,Mint Discs,Putt & Approach,"2, 3, 0, 1"
Bullfrog,Innova,Putt & Approach,"3, 1, 0, 1"
Buzzz,Discraft,Mid-Range,"5, 4, -1, 1"
Buzzz OS,Discraft,Mid-Range,"5, 4, 0, 3"
Buzzz SS,Discraft,Mid-Range,"5, 4, -2, 1"
Buzzz-GT,Discraft,Mid-Range,"5, 5, 0, 1"
C4,Arsenal,Putt & Approach,""
Caiman,Innova,Mid-Range,"5, 2, 0, 4"
Caldera,Obsidian Discs,Distance Driver,""
Caltrop,Latitude 64,Putt & Approach,"2, 2, 0, 2"
Cannon,Legacy,Distance Driver,"14, 5, -3, 3"
Captain,Dynamic Discs,Distance Driver,"13, 5, -2, 2"
Caribou,Daredevil,Mid-Range,"4, 5, -3, 1"
Catalyst,MVP,Distance Driver,"13, 6, -2, 2"
Catapult,Westside,Distance Driver,"14, 4, 0, 3"
CD Craze,Discmania,Distance Driver,"10, 5, -1, 2"
CD2,Discmania,Distance Driver,"9, 5, -1, 2"
CD3,Discmania,Distance Driver,"11, 5, -1, 2"
Cell,Salient Discs,Mid-Range,""
Centurion,Infinite Discs,Fairway Driver,"7, 5, -1, 1"
Chainsaw,Black Zombie,Putt & Approach,""
Challenger,Discraft,Putt & Approach,"2, 3, 0, 2"
Challenger OS,Discraft,Putt & Approach,"3, 5, 0, 2"
Challenger SS,Discraft,Putt & Approach,"2, 4, -1, 2"
Charge,TOBU Discs,Fairway Driver,""
Chariot,Infinite Discs,Mid-Range,"5, 5, 0, 1"
Cheetah,Innova,Fairway Driver,"6, 4, -2, 2"
Chief,Gateway,Putt & Approach,"3, 3, 0, 1"
Chief OS,Gateway,Putt & Approach,"3, 3, 0, 2"
Chimera,Deity Discs,Distance Driver,""
Chromium,Element Discs,Fairway Driver,"9, 5, -1, 1"
Cinder,Obsidian Discs,Fairway Driver,""
Clash,Axiom,Fairway Driver,"7, 4, -1, 2"
Classic Ace,Innova,Putt & Approach,""
Classic Cobra,Innova,Mid-Range,""
Classic Inferno,Quest AT,Distance Driver,""
Classic Roc,Innova,Putt & Approach,"3, 3, 0, 2"
Claws,YiKun,Putt & Approach,""
Claymore,Latitude 64,Mid-Range,"5, 5, -1, 1"
Clozer,Legacy,Putt & Approach,"2, 3, 0, 2"
Clutch,Legacy,Putt & Approach,"2, 3, 0, 1"
Cobra,Innova,Mid-Range,"4, 5, -2, 2"
Cohort,Infinite Discs,Putt & Approach,"3, 4, 0, 1"
Colossus,Innova,Distance Driver,"14, 5, -2, 3"
Colt,Innova,Putt & Approach,"3, 3, -1, 1"
Comet,Discraft,Mid-Range,"4, 5, -2, 1"
Commander,Innova,Mid-Range,"5, 3, 0, 4"
Compass,Latitude 64,Mid-Range,"5, 5, 0, 1"
Condor,Innova,Mid-Range,"3, 4, 0, 2"
Convict,Dynamic Discs,Fairway Driver,"9, 4, 0, 3"
Core,Latitude 64,Mid-Range,"6, 5, 0, 1"
Corvette,Innova,Distance Driver,"14, 6, -1, 2"
Cosmos,Viking,Fairway Driver,""
Coupe,Innova,Putt & Approach,"2, 3, -1, 1"
Coyote,Innova,Mid-Range,"4, 5, 0, 1"
Crag,Vibram,Mid-Range,"4, 3, 0, 3"
Crank,Discraft,Distance Driver,"13, 5, -2, 2"
Crank SS,Discraft,Distance Driver,"13, 5, -3, 2"
Crave,Axiom,Fairway Driver,"7, 5, -1, 1"
Credo,Crosslap,Putt & Approach,"3, 2, 0, 3"
Criminal,Dynamic Discs,Fairway Driver,"10, 3, 1, 4"
Cro,Innova,Mid-Range,"5, 3, 0, 2"
Croc,Reptilian Disc Golf,Mid-Range,""
Crossbow,YiKun,Mid-Range,"4, 2, 0, 4"
Crossfire,Quest AT,Putt & Approach,"4, 8, -1, 2"
Crosshair,Discwing,Putt & Approach,""
Crown,Westside,Putt & Approach,"3, 4, 0, 1"
Cruise,Full Turn Discs,Distance Driver,""
Crush,Discraft,Distance Driver,"11, 5, 0, 4"
Culverin,Latitude 64,Fairway Driver,"9, 5, 0, 3"
Cutlass,Latitude 64,Distance Driver,"13, 5, 0, 3"
Cyborg,Arsenal,Fairway Driver,""
Cyclone,Discraft,Fairway Driver,"7, 4, -1, 3"
Cyclone 2,Discraft,Fairway Driver,""
Cypress,Above Ground Level Discs,Distance Driver,""
D Model Distance Driver S,ACE Disc Sports,Distance Driver,""
D Model OS,Prodigy Disc,Distance Driver,"13, 5, 0, 4"
D Model S,Prodigy Disc,Distance Driver,"13, 6, 0, 2"
D Model US,Prodigy Disc,Distance Driver,"12, 6, -4, 1"
D1,Prodigy Disc,Distance Driver,"12, 5, 0, 3"
D1 Max,Prodigy Disc,Distance Driver,"12, 5, 0, 3"
D2,Prodigy Disc,Distance Driver,"12, 6, -1, 3"
D2 Max,Prodigy Disc,Distance Driver,"12, 6, -1, 3"
D3,Prodigy Disc,Distance Driver,"12, 6, -2, 2"
D3 Max,Prodigy Disc,Distance Driver,"12, 6, -3, 1"
D4,Prodigy Disc,Distance Driver,"12, 6, -3, 2"
D4 Max,Prodigy Disc,Distance Driver,"12, 6, -4, 1"
D5,Prodigy Disc,Distance Driver,"12, 6, -4, 2"
D6,Prodigy Disc,Distance Driver,"12, 6, -4, 1"
DaE,YiKun,Distance Driver,"13, 5, 0, 2"
Daedalus,Innova,Distance Driver,"13, 6, -4, 2"
Dagger,Latitude 64,Putt & Approach,"2, 5, 0, 1"
Dart,Innova,Putt & Approach,"3, 4, 0, 0"
DD Hysteria,Discmania,Distance Driver,"11, 5, 0, 2"
DD–13 Starling,Disctroyer,Distance Driver,"[0, 0, 0, 0]"
DD-13 Starling,Disctroyer,Distance Driver,""
DD2 Frenzy,Discmania,Distance Driver,"13, 5, -2, 2"
"DD3 (Cloud Breaker, Distance Driver)",Discmania,Distance Driver,""
DD3 (retest),Discmania,Distance Driver,""
DDX,Discmania,Distance Driver,"12, 6, -1, 2"
Death Adder,Reptilian Disc Golf,Distance Driver,""
Defender,Dynamic Discs,Distance Driver,"13, 5, 0, 3"
Defender DT,Quest AT,Distance Driver,""
Deflector,MVP,Mid-Range,"5, 4, 0, 4"
Defy,Axiom,Distance Driver,"11, 4, 0, 3"
Delirium,Axiom,Distance Driver,"14, 5, 0, 3"
Delivery,Eurodisc,Putt & Approach,""
Demon,Gateway,Mid-Range,"6, 3, 0, 4"
Deputy,Dynamic Discs,Putt & Approach,"3, 4, -1, 0"
Destiny,Westside,Distance Driver,"14, 6, -2, 3"
Destroyer,Innova,Distance Driver,"12, 5, -1, 3"
Devil Hawk,Gateway,Mid-Range,"3, 3, 0, 2"
Diablo,Gateway,Distance Driver,"11, 5, -1, 2"
Diablo DT,Gateway,Distance Driver,""
Diamond,Latitude 64,Fairway Driver,"8, 6, -3, 1"
Diesel,Fly High Discs,Distance Driver,""
Dimension,MVP,Distance Driver,"14, 5, 0, 3"
Dolphin,Innova,Fairway Driver,""
Dominator,Innova,Distance Driver,"13, 5, -1, 2"
Double D,Quest AT,Distance Driver,""
Draco,Millennium,Fairway Driver,"9, 3, 0, 4"
Dragon,Innova,Distance Driver,"8, 5, -2, 2"
Dragonfly,AquaFlight Discs,Mid-Range,""
Drift,Streamline,Fairway Driver,"7, 5, -2, 1"
Drifter,Full Turn Discs,Fairway Driver,""
Driver,Lightning,Distance Driver,""
Drone,Discraft,Mid-Range,"5, 3, 1, 4"
Eagle,Innova,Fairway Driver,"7, 4, -1, 3"
Eagle-L (EL),Innova,Fairway Driver,""
Eclipse,Discraft,Fairway Driver,"7, 5, -2, 2"
EDGE Polecat,Innova,Putt & Approach,""
Element,Gateway,Mid-Range,"5, 5, -1, 1"
Element-X,Gateway,Mid-Range,""
EMAC Truth,Dynamic Discs,Mid-Range,"5, 5, 0, 2"
Emperor,Infinite Discs,Distance Driver,"12, 5, -1, 2"
Enemy,Legacy,Fairway Driver,"9, 3, 0, 4"
Energy,MVP,Distance Driver,"13, 4, 0, 4"
Enforcer,Dynamic Discs,Distance Driver,"12, 4, 0, 4"
Enigma,Discmania,Distance Driver,""
Entropy,MVP,Mid-Range,"4, 3, 0, 3"
Envy,Axiom,Putt & Approach,"3, 3, 0, 2"
Epic,Aerobie,Distance Driver,"11, 3, -2, 4"
Escape,Dynamic Discs,Fairway Driver,"9, 5, -1, 2"
ESP Driver,EMSCO Group,Fairway Driver,""
ESP Midrange,EMSCO Group,Mid-Range,""
ESP Putter,EMSCO Group,Putt & Approach,""
Essence,Discmania,Fairway Driver,"8, 6, -2, 1"
Evader,Dynamic Discs,Fairway Driver,"7, 4, 0, 2"
Evidence,Dynamic Discs,Mid-Range,"5, 5, -1, 0"
Excite,Axiom,Distance Driver,"14, 5, -2, 2"
Exodus,Infinite Discs,Fairway Driver,"7, 5, 0, 2"
EXP1,Millennium,Distance Driver,"7, 3, 0, 4"
Explorer,Latitude 64,Fairway Driver,"7, 5, 0, 2"
F Model Fairway Driver S,Prodigy Disc,Fairway Driver,""
F Model OS,Prodigy Disc,Fairway Driver,"10, 5, 2, 4"
F Model S,Prodigy Disc,Fairway Driver,"10, 5, 1, 3"
F Model US,Prodigy Disc,Fairway Driver,"10, 5, -2, 1"
F1,Prodigy Disc,Fairway Driver,"7, 4, 0, 3"
F2,Prodigy Disc,Fairway Driver,"7, 5, -1, 3"
F3,Prodigy Disc,Fairway Driver,"7, 5, -1, 2"
F5,Prodigy Disc,Fairway Driver,"7, 5, -2, 1"
F7,Prodigy Disc,Fairway Driver,"7, 5, -3, 1"
Fairway Driver,Wham-O,Fairway Driver,""
Falchion,Latitude 64,Fairway Driver,"8, 5, -1, 2"
Falcon,Millennium,Distance Driver,"13, 5, -2, 2"
Falk,Kastaplast,Fairway Driver,"9, 6, -2, 1"
FD Jackal,Discmania,Fairway Driver,""
FD-8 Stork,Disctroyer,Fairway Driver,""
FD2,Discmania,Fairway Driver,"7, 4, 0, 2"
FD3,Discmania,Fairway Driver,"9, 4, 0, 3"
Felon,Dynamic Discs,Distance Driver,"9, 3, 0, 4"
Fenris,Guru,Distance Driver,""
Fierce,Discraft,Putt & Approach,"3, 4, -2, 0"
Fighter,Legacy,Fairway Driver,"10, 3, 0, 4"
Fireball,Axiom,Distance Driver,"9, 3, 0, 3"
Firebird,Innova,Distance Driver,"9, 3, 0, 4"
Firebird-L (FL),Innova,Distance Driver,""
Firefly,Innova,Putt & Approach,"2, 3, 0, 1"
Firestorm,Innova,Distance Driver,"14, 4, 0, 3"
Flagship,Skyiron,Distance Driver,""
Flare,Streamline,Fairway Driver,"9, 4, 0, 3"
Flash,Discraft,Distance Driver,"10, 5, -2, 3"
Flashflight LED Driver,Nite Ize,Distance Driver,""
Flashflight LED Midrange,Nite Ize,Mid-Range,""
Flashflight LED Putter,Nite Ize,Putt & Approach,""
Flathead Cyclone,DGA,Fairway Driver,"7, 4, -1, 3"
Flatline,Salient Discs,Fairway Driver,""
Flick,Discraft,Distance Driver,"12, 3, 1, 5"
Flow,Latitude 64,Distance Driver,"11, 6, 0, 2"
Flying Squirrel,ABC,Mid-Range,"6, 5, -3, 2"
Focus,Discraft,Putt & Approach,"2, 3, -1, 2"
Force,Discraft,Distance Driver,"12, 5, 0, 3"
Fortress,Westside,Fairway Driver,"10, 4, 0, 3"
Four20,Vibram,Distance Driver,""
Fox Spirit,Discmania,Mid-Range,""
Foxbat,Innova,Mid-Range,"5, 6, -1, 0"
Fracture,Salient Discs,Distance Driver,""
Freedom,Dynamic Discs,Distance Driver,"14, 5, -3, 3"
Freetail,Mint Discs,Fairway Driver,"10, 6, -3, 2"
Fu,Yikun,Fairway Driver,"7, 5, 0, 2"
Fugitive,Dynamic Discs,Mid-Range,"5, 5, 0, 1"
Fuji,Latitude 64,Mid-Range,"4, 4, 0, 2"
Fury,Latitude 64,Distance Driver,"9, 6, -2, 2"
Fuse,Latitude 64,Mid-Range,"5, 6, -1, 0"
FX-2,Prodigy Disc,Fairway Driver,"9, 4, -1, 3"
Gamma Ray,ABC,Distance Driver,"9, 4, -2, 2"
Gatekeeper,Westside,Mid-Range,"4, 5, 0, 2"
Gator,Innova,Mid-Range,"5, 2, 0, 3"
Gator3,Innova,Mid-Range,"5, 2, 0, 3"
Gauge,Legacy,Mid-Range,"5, 5, 0, 1"
Gauntlet,Latitude 64,Putt & Approach,"2, 4, 0, 1"
Gavel,Dynamic Discs,Putt & Approach,"3, 5, -2, 0"
Gazelle,Innova,Fairway Driver,"6, 4, 0, 2"
Genesis,CHING,Distance Driver,"11, 4, 0, 4"
Genius,Discmania,Fairway Driver,"7, 5, -4, 1"
Getaway,Dynamic Discs,Fairway Driver,"9, 5, 0, 3"
Ghost,Legacy,Mid-Range,"4, 5, 0, 3"
Giant,Westside,Distance Driver,"13, 4, 0, 3"
Gila,Reptilian Disc Golf,Mid-Range,"5, 4, 0, 3"
Gladiator,Latitude 64,Distance Driver,"13, 5, 0, 3"
Glide,Discraft,Fairway Driver,"6, 5, -3, 2"
GlowFly,DGA,Putt & Approach,""
GM Gremlin,Discmania,Mid-Range,""
Gobi,Latitude 64,Mid-Range,"6, 5, 0, 1"
Goblin,Innova,Mid-Range,""
Gopher,Innova,Putt & Approach,""
Gote,Kastaplast,Mid-Range,"4, 5, 0, 1"
Gou,YiKun,Fairway Driver,"8, 5, -4, 1"
Grabboid,RIP,Putt & Approach,""
Grace,Latitude 64,Distance Driver,"11, 6, -1, 2"
Gray Jay,Daredevil,Distance Driver,"14, 4, 0, 5"
Great Horned Owl,Daredevil,Putt & Approach,"2, 3, 0, 1"
Griffin,Innova,Mid-Range,"5, 3, 1, 3"
Grizzly,Daredevil,Mid-Range,"4, 4, -1, 2"
Groove,Innova,Distance Driver,"13, 6, -2, 2"
Grym,Kastaplast,Distance Driver,"13, 5, -1, 2"
Grym X,Kastaplast,Distance Driver,"12, 5, 0, 3"
Guard,Dynamic Discs,Putt & Approach,"2, 5, 0, 0"
Gui,YiKun,Putt & Approach,"2, 3, 0, 2"
H1,Prodigy Disc,Distance Driver,"10, 3, 0, 3"
H2,Prodigy Disc,Distance Driver,"9, 5, 0, 2"
H3,Prodigy Disc,Distance Driver,"9, 4, 0, 2"
H4,Prodigy Disc,Distance Driver,"9, 5, -2, 1"
H5,Prodigy Disc,Distance Driver,"9, 5, -3, 1"
Habit,Plastic Addicts,Putt & Approach,"3, 5, -1, 0"
Hades,Discraft,distance driver,"12, 6, -3, 2"
Hail Mary,DKG,Distance Driver,""
Halo,Latitude 64,Distance Driver,"13, 5, 0, 3"
Hammer,Innova,Putt & Approach,"2, 2, -1, 2"
Hammer (Chui),YiKun,Putt & Approach,"2, 3, 0, 3"
Harp,Westside,Putt & Approach,"4, 3, 0, 3"
Hatchet,Westside,Fairway Driver,"9, 6, -2, 1"
Havoc,Latitude 64,Distance Driver,"13, 5, -1, 3"
Hawg,Innova,Putt & Approach,"2, 1, 0, 3"
Hawk,Discraft,Mid-Range,"4, 5, -2, 2"
Hawkeye,Discraft,Mid-Range,""
Heat,Discraft,Distance Driver,"9, 6, -3, 1"
Helios,Snap Disc,Distance Driver,""
Hellfire,DGA,Distance Driver,"10, 3, 0, 5"
Honey,Essential Discs,Mid-Range,""
Hornet,Discraft,Mid-Range,"5, 5, 0, 4"
Hu,YiKun,Fairway Driver,"9, 5, -2, 2"
Huia (DGFD1),RPM Discs,Fairway Driver,""
Hummingbird,Wild Discs,Putt & Approach,"2, 4, 0, 1"
Hunter,Legacy,Putt & Approach,"2, 4, 0, 0"
Hurricane,DGA,Distance Driver,"12, 5, -1, 2"
Hybrid,Gateway,Fairway Driver,"7, 4, 0, 3"
Hydra,Innova,Mid-Range,"3, 3, 0, 2"
Hypercane,DGA,Distance Driver,"13, 4, 0, 4"
Hyperion,Ozone Discs,Distance Driver,"11, 4, 0, 4"
I-One,Cheengz,Mid-Range,"5, 5, 0, 0"
Ibex,Vibram,Mid-Range,"5, 4, -1, 1"
Illusion,Gateway,Distance Driver,"11, 5, -1, 3"
Impact,Discraft,Mid-Range,"5, 5, -2, 2"
Impulse,MVP,Distance Driver,"9, 5, -3, 1"
Inca,Infinite Discs,Mid-Range,"5, 5, 0, 3"
Inertia,MVP,Distance Driver,"9, 5, -2, 2"
Inertia (Fairway),MVP,Distance Driver,""
Inferno,Quest AT,Distance Driver,""
Insanity,Axiom,Distance Driver,"9, 5, -2, 1"
Insanity (Speed 9),Axiom,Distance Driver,""
Inspire,Axiom,Fairway Driver,"7, 4, -1, 2"
Instinct (150-175g),Discmania,Fairway Driver,""
Intervention,Plastic Addicts,Distance Driver,"12, 5, -1, 4"
Invader,Innova,Putt & Approach,"3, 2, 0, 1"
Invictus,Innova,Distance Driver,"11, 4, 0, 3"
Ion,MVP,Putt & Approach,"3, 3, 0, 1"
Iridium,Element Discs,Putt & Approach,"2, 3, 0, 2"
Jack the Ripper,Fly High Discs,Fairway Driver,""
Jade,Latitude 64,Fairway Driver,"9, 5, -2, 1"
Jaguar,Innova,Mid-Range,"5, 6, -3, 2"
Jiao,YiKun,Fairway Driver,"6, 5, -2, 1"
JK Pro Aviar-X,Innova,Putt & Approach,""
JLS,Millennium,Fairway Driver,"8, 5, -2, 2"
JOKERi,Prodiscus,Putt & Approach,"4, 3, 0, 2"
Journey,Gateway,Distance Driver,"12, 6, -2, 1"
Judge,Dynamic Discs,Putt & Approach,"2, 4, 0, 1"
Juju,CHING,Putt & Approach,"3, 4, -1, 1"
Jun,YiKun,Distance Driver,"11, 5, -1, 2"
Justice,Dynamic Discs,Mid-Range,"5, 1, 0, 4"
K-2,Lightning,Mid-Range,""
Ka-Kaa,Las Aves,Distance Driver,""
Kahu,RPM Discs,Distance Driver,"13, 5, -1, 3"
Karma,Gateway,Mid-Range,"7, 5, -1, 2"
Katana,Innova,Distance Driver,"13, 5, -3, 3"
Kaxe,Kastaplast,Mid-Range,"6, 4, 0, 3"
Kaxe Z,Kastaplast,Mid-Range,"6, 5, 0, 2"
KC Pro Aviar,Innova,Putt & Approach,""
Kea,RPM Discs,Mid-Range,"5, 5, 0, 3"
Keystone,Latitude 64,Putt & Approach,"2, 5, -1, 1"
KGB,Fly High Discs,Mid-Range,""
King,Westside,Distance Driver,"14, 5, -1, 3"
King Cobra,Innova,Mid-Range,"4, 5, 0, 2"
Kite,Innova,Mid-Range,"5, 6, -3, 1"
Kiwi,RPM Discs,Fairway Driver,"10, 4, 0, 3"
Knife,Viking,Putt & Approach,""
Knight,Latitude 64,Distance Driver,"14, 4, -1, 4"
Kotare,RPM Discs,Distance Driver,"12, 5, 0, 3"
Kotuku,RPM Discs,Mid-Range,"5, 5, 0, 2"
Krait,Innova,Distance Driver,"11, 5, -1, 2"
Kraken,DKG,Distance Driver,""
Kraken (Divergent),Divergent Discs,Fairway Driver,""
Kui,YiKun,Mid-Range,"5, 5, 0, 2"
Kyng Roller,TOBU Discs,Fairway Driver,""
L13,Skyquest,Distance Driver,""
Lace,Vibram,Distance Driver,"14, 6, -1, 1"
LASERi,Prodiscus,Fairway Driver,"10, 6, -1, 1"
Launch,Vibram,Mid-Range,"5, 5, -1, 2"
Legacy,CHING,Mid-Range,"4, 5, -1, 2"
LEGENDa,Prodiscus,Distance Driver,"13, 5, -1, 2"
Leopard,Innova,Fairway Driver,"6, 5, -2, 1"
Leopard3,Innova,Fairway Driver,"7, 5, -2, 1"
Leviathan,Divergent Discs,Mid-Range,"5, 4, -4, 0"
Lex,Disc King,Putt & Approach,"2, 3, 0, 1"
Lex (Original),UB Disc Golf,Putt & Approach,""
Lift,Streamline,Fairway Driver,"9, 5, -2, 1"
Limit,MVP,Distance Driver,"14, 4, 0, 4"
Link,Discmania,Putt & Approach,"2, 3, 0, 1"
Lion,Innova,Mid-Range,"5, 4, 0, 2"
Lithium,Element Discs,Mid-Range,"5, 4, -2, 1"
Lock Jaw,Salient Discs,Putt & Approach,""
Logic,Discmania,Putt & Approach,"3, 3, 0, 1"
Longbowman,Westside,Fairway Driver,"9, 4, 0, 3"
Longhorn,Mint,Distance Driver,""
Lots,Kastaplast,Fairway Driver,"9, 5, -1, 2"
Lu,YiKun,Distance Driver,"14, 5, -1, 3"
Lucky,Crosslap,Mid-Range,"5, 5, -2, 1"
Luna,Discraft,Putt & Approach,"3, 3, 0, 3"
Lycan,Innova,Mid-Range,"4, 5, 0, 1"
Lynx,Innova,Mid-Range,""
M Model Mid Range OS,ACE Disc Sports,Mid-Range,""
M Model OS,Prodigy Disc,Mid-Range,"6, 4, -1, 3"
M Model S,Prodigy Disc,Mid-Range,"6, 4, 0, 3"
M Model US,Prodigy Disc,Mid-Range,"4, 5, -1, 1"
M1,Prodigy Disc,Mid-Range,"5, 4, 0, 3"
M2,Prodigy Disc,Mid-Range,"5, 4, 0, 2"
M3,Prodigy Disc,Mid-Range,"5, 5, -1, 2"
M4,Prodigy Disc,Mid-Range,"5, 5, -1, 1"
M5,Prodigy Disc,Mid-Range,"5, 5, -3, 1"
Macana,Latitude 64,Putt & Approach,"2, 5, 0, 1"
Mace,Latitude 64,Mid-Range,"5, 5, 0, 2"
Machete,Discraft,Distance Driver,"11, 4, 0, 4"
Maestro,Discmania,Mid-Range,"4, 3, 0, 2"
Magic,Gateway,Putt & Approach,"2, 3, -1, 0"
Magician,Discmania,Fairway Driver,"6, 4, 0, 2"
Magnet,Discraft,Putt & Approach,"2, 3, -1, 2"
Magneton,Galaxy,Putt & Approach,""
Maiden,Westside,Putt & Approach,"3, 4, 0, 1"
Majesty,Discmania,Distance Driver,"13, 5, -2, 2"
Mako,Innova,Mid-Range,"4, 5, 0, 0"
Mako3,Innova,Mid-Range,"5, 4, 0, 0"
Malta,Discraft,Mid-Range,"5, 4, 1, 3"
Mamba,Innova,Distance Driver,"11, 6, -5, 1"
Mammoth,Daredevil,Distance Driver,"9, 4, -1, 5"
Manta,Innova,Mid-Range,"5, 5, -3, 1"
Mantis,Discraft,Fairway Driver,"8, 4, -2, 2"
Mantra,Thought Space Athletics,Fairway Driver,"9, 6, -2, 1"
Marauder,Discraft,Fairway Driver,""
Marshal,Dynamic Discs,Putt & Approach,"3, 4, 0, 1"
Matrix,MVP,Mid-Range,"5, 4, -1, 2"
Maul,Latitude 64,Fairway Driver,"7, 7, -2, 1"
Maverick,Dynamic Discs,Fairway Driver,"7, 4, -1, 2"
Max,Innova,Distance Driver,"11, 3, 0, 5"
Maximizer,GGGT,Fairway Driver,""
Maya,Infinite Discs,Distance Driver,"12, 5, -3, 1"
Mayhem,Axiom,Distance Driver,"13, 5, -1, 2"
McPro Aviar,Innova,Putt & Approach,""
MD,Discmania,Mid-Range,"4, 5, 0, 0"
MD1,Discmania,Mid-Range,"4, 4, 0, 2"
MD2 Fiend,Discmania,Mid-Range,"4, 5, 0, 2"
MD3,Discmania,Mid-Range,"5, 5, 0, 2"
MD4,Discmania,Mid-Range,"5, 4, 0, 3"
Medius,Latitude 64,Mid-Range,"5, 5, -1, 2"
Medusa,Skyquest,Distance Driver,"11, 5, -2, 2"
Mentor,Discmania,Distance Driver,"11, 5, -2, 2"
Merc,DKG,Distance Driver,""
Mercury,Pacific Cycle,Putt & Approach,""
Mercy,Latitude 64,Putt & Approach,"2, 4, 0, 1"
Merlin,Daredevil,Distance Driver,"14, 4, -1, 5"
Meteor,Discraft,Mid-Range,"5, 5, -3, 1"
Meteor Hammer ( 星锤),YiKun,Distance Driver,"[0, 0, 0, 0]"
Meteorite,Galaxy,Distance Driver,""
Method,Discmania,Mid-Range,"5, 5, 0, 3"
Mid Range Approach,Wham-O,Mid-Range,""
MIDARi,Prodiscus,Mid-Range,"5, 4, -1, 2"
Midgard,Guru,Fairway Driver,""
Midknight,Black Jax Sports,Fairway Driver,""
Miracle,DKG,Fairway Driver,""
Mirage,Innova,Putt & Approach,"3, 4, -3, 0"
Mirage (Original),Innova,Putt & Approach,""
Mirus,Latitude 64,Distance Driver,""
Missilen,Latitude 64,Distance Driver,"15, 3, 0, 4"
Mjolner,Guru,Putt & Approach,""
MOAB,Hyzer Bomb,Fairway Driver,"6, 4, 1, 5"
Model P,Prodigy Disc,Putt & Approach,""
Monarch,Innova,Distance Driver,"10, 5, -4, 1"
Money,ABC,Putt & Approach,""
Mongoose,Legacy,Distance Driver,"9, 5, -3, 1"
Monster,Innova,Distance Driver,"10, 3, 0, 5"
Monstrum,UB Disc Golf,Distance Driver,""
Moose,Daredevil,Mid-Range,"4, 5, 0, 2"
Moray,Innova,Mid-Range,""
Morningstar,Arsenal,Mid-Range,""
Mortar,Hyzer Bomb,Mid-Range,"5, 4, 0, 3"
Motion,MVP,Distance Driver,"9, 4, 0, 4"
MR-5 Skylark,Disctroyer,Mid-Range,""
MRV,Discraft,Mid-Range,""
MRX,Discraft,Mid-Range,""
Musket,Latitude 64,Fairway Driver,"10, 5, 0, 2"
Mustang,Mint Discs,Mid-Range,"5, 5, 0, 2"
MX-1,Lightning,Distance Driver,""
MX-3,Prodigy Disc,Mid-Range,"5, 4, 0, 2"
Mystere,Innova,Distance Driver,"11, 6, -2, 2"
Mystic,Gateway,Mid-Range,"5, 5, -3, 0"
Myth,Infinite Discs,Putt & Approach,"2, 3, 0, 2"
Napalm,Salient Discs,Distance Driver,""
Narwhal,Divergent Discs,Putt & Approach,"3, 3, -2, 0"
Navigator,Full Turn Discs,Mid-Range,""
Nebula,Discraft,Mid-Range,"5, 4, 0, 2"
Nemesis,Legacy,Distance Driver,"10, 6, -4, 2"
Ninja,Gateway,Distance Driver,"11, 5, 0, 2"
Ninja (New),Gateway,Distance Driver,""
Nitro,MVP,Distance Driver,"13, 4, 0, 3"
Nordic Warrior,Viking,Mid-Range,""
Northman,Westside,Distance Driver,"10, 5, -1, 2"
Notch,Vibram,Fairway Driver,"7, 3, 0, 4"
Nova,Innova,Putt & Approach,"2, 3, 0, 0"
Nuke,Discraft,Distance Driver,"13, 5, -1, 3"
Nuke OS,Discraft,Distance Driver,"13, 4, 0, 4"
Nuke SS,Discraft,Distance Driver,"13, 5, -3, 3"
O-Lace,Vibram,Distance Driver,"13, 5, -1, 3"
Obex,Vibram,Mid-Range,"5, 4, 0, 3"
Octane,MVP,Distance Driver,"13, 5, -1, 2"
Odyssey Control Driver,Quest AT,Fairway Driver,""
Odyssey Midrange & Approach,Quest AT,Mid-Range,""
Odyssey Power Driver,Quest AT,Distance Driver,""
Odyssey True Line Putter,Quest AT,Putt & Approach,""
Odyssey Ultra Long-Range Driver,Quest AT,Distance Driver,""
Ogopogo,Daredevil,Distance Driver,"9, 4, -2, 5"
Ohm,MVP,Putt & Approach,"2, 5, 0, 1"
Omega AP,Millennium,Putt & Approach,"2, 3, 0, 0"
Omega Big Bead,Millennium,Putt & Approach,"2, 3, -1, 1"
Omega Super Soft Putter,Millennium,Putt & Approach,""
Onyx,Vibram,Fairway Driver,"8, 6, -3, 1"
Optimizer,GGGT,Mid-Range,""
Oracle,CHING,Mid-Range,"4, 4, -1, 1"
Orbit,Galaxy,Mid-Range,""
Orbital,MVP,Distance Driver,"11, 5, -4, 1"
Orc,Innova,Distance Driver,"10, 4, -1, 3"
Orca,Wild Discs,Distance Driver,"12, 5, -1, 2"
Origin,Discmania,Mid-Range,"5, 5, -1, 1"
Orion LF,Millennium,Distance Driver,"9, 5, -1, 3"
Orion LS,Millennium,Distance Driver,"9, 5, -2, 2"
Osprey,AquaFlight Discs,Distance Driver,""
Outlaw,Legacy,Distance Driver,"12, 5, -1, 3"
P Model Putter OS,ACE Disc Sports,Putt & Approach,""
P Model US,Prodigy Disc,Putt & Approach,"3, 5, -1, 1"
P1 Maniac,Discmania,Putt & Approach,""
P1x,Discmania,Putt & Approach,"2, 3, 0, 1"
P2 Psycho,Discmania,Putt & Approach,""
P3,Discmania,Putt & Approach,"3, 5, 0, 3"
P3X,Discmania,Putt & Approach,"3, 2, 0, 3"
PA-3 Sparrow,Disctroyer,Putt & Approach,""
PA1,Prodigy Disc,Putt & Approach,""
PA2,Prodigy Disc,Putt & Approach,""
PA3,Prodigy Disc,Putt & Approach,""
PA4,Prodigy Disc,Putt & Approach,""
Pain,Latitude 64,Mid-Range,"4, 4, 0, 3"
Panic,Axiom,Distance Driver,"13, 4, 0, 3"
Panther,Innova,Mid-Range,"5, 4, -2, 1"
Panzer Tank,Hyzer Bomb,Putt & Approach,""
Particle,MVP,Putt & Approach,"3, 3, 0, 2"
Passport,Full Turn Discs,Mid-Range,""
Pathfinder,Thought Space Athletics,Mid-Range,"5, 5, 0, 1"
Patriot,Legacy,Fairway Driver,"7, 5, -2, 1"
PD Freak,Discmania,Distance Driver,"10, 4, 0, 3"
PD2 Chaos,Discmania,Distance Driver,"12, 4, 0, 4"
PD3,Discmania,Distance Driver,"11, 3, 0, 5"
PDx,Discmania,Distance Driver,"11, 4, 0, 3"
Peace Frog,AquaFlight Discs,Putt & Approach,""
Pearl,Latitude 64,Mid-Range,"4, 6, -4, 0"
Pegasus,Innova,Fairway Driver,"7, 4, -1, 3"
Pelican,AquaFlight Discs,Fairway Driver,""
Penrose,EV-7,Putt & Approach,"2, 4, 0, 2"
Phantom Deuce,Innova,Mid-Range,""
Pharaoh,Infinite Discs,Distance Driver,"13, 6, -1, 2"
Phase,MVP,Distance Driver,"11, 4, 0, 4"
Phenix,Innova,Fairway Driver,""
Phenom,Legacy,Fairway Driver,"8, 5, -1, 2"
Photon,MVP,Distance Driver,"11, 5, -1, 2"
Pig,Innova,Putt & Approach,"3, 1, 0, 3"
Pilot,Streamline,Putt & Approach,"2, 5, 0, 1"
PinDRAGON,Black Jax Sports,Mid-Range,""
Pine,Westside,Mid-Range,"5, 4, 0, 2"
Pioneer,Latitude 64,Fairway Driver,"9, 3, 0, 4"
Pipeline,DGA,Fairway Driver,"8, 5, 0, 2"
Piranha,Innova,Putt & Approach,""
Piwakawaka,RPM Discs,Mid-Range,"4, 5, 0, 0"
Pluto,Pacific Cycle,Fairway Driver,""
Plutonium,Element Discs,Putt & Approach,"3, 3, 0, 1"
Polar Bear,Daredevil,Putt & Approach,"2, 3, -1, 1"
Polaris LF,Millennium,Fairway Driver,"9, 5, -2, 2"
Polaris LS,Millennium,Fairway Driver,"8, 5, -2, 1"
Polecat,Innova,Putt & Approach,"1, 3, 0, 0"
Powerdrive Gumbputt,DGA,Putt & Approach,"2, 2, -2, 1"
Precision,CHING,Mid-Range,"5, 4, -1, 2"
Predator,Discraft,Fairway Driver,"9, 4, 0, 4"
Primitus,Latitude 64,Distance Driver,"9, 5, 0, 2"
Procul,UB Disc Golf,Distance Driver,""
Profit,Mint,Putt & Approach,""
Prometheus,Salient Discs,Distance Driver,""
Proof,Dynamic Discs,Mid-Range,"5, 5, -3, 1"
Prophecy,Gateway,Mid-Range,"5, 5, 0, 2"
Protege,DKG,Distance Driver,""
Prowler,Legacy,Putt & Approach,"2, 3, 0, 1"
Proxy,Axiom,Putt & Approach,"3, 3, -1, 0"
Pteranodon,Daredevil,Mid-Range,"4, 6, -2, 1"
Ptero,Reptilian Disc Golf,Fairway Driver,"7, 5, -1, 1"
Pulse,Discraft,Distance Driver,"11, 4, 0, 3"
Puma,Innova,Mid-Range,""
Punisher,Discraft,Distance Driver,"12, 5, 0, 3"
Pure,Latitude 64,Putt & Approach,"3, 3, -1, 1"
Pure O.G.,Fly High Discs,Mid-Range,""
Pursuit,Legacy,Mid-Range,"5, 3, 0, 3"
Putt r,Discraft,Putt & Approach,""
Putter,Wham-O,Putt & Approach,""
Pyro,Axiom,Mid-Range,"5, 4, 0, 2"
Python,Innova,Mid-Range,"7, 3, -1, 2"
Qi,Yikun,Distance Driver,"13, 6, -2, 2"
Quake,DGA,Mid-Range,"5, 3, 0, 3"
Quarter K,Discwing,Distance Driver,""
Quarter K II,Discwing,Distance Driver,""
Quasar,Millennium,Distance Driver,"13, 5, -1, 4"
Queen,Westside,Distance Driver,"14, 5, -3, 2"
Ra,Infinite Discs,Mid-Range,"5, 4, 0, 2"
Radium,Element Discs,Mid-Range,"6, 4, -1, 2"
Radius,1080 Disc Golf,Putt & Approach,""
Rage,Gateway,Distance Driver,"10, 5, 0, 3"
Raging Inferno,Quest AT,Distance Driver,"12, 4, 2, 2"
Raging Inferno DT,Quest AT,Distance Driver,""
Ragnarok,Viking,Distance Driver,""
Raider,Dynamic Discs,Distance Driver,"13, 5, 0, 3"
Raketen,Latitude 64,Distance Driver,"15, 4, -2, 3"
Ram,Innova,Fairway Driver,"6, 4, 1, 4"
Rampage,Legacy,Distance Driver,"14, 5, -1, 4"
Raptor,Discraft,Fairway Driver,"9, 4, 0, 3"
Raptor-X,Innova,Distance Driver,""
Rask,Kastaplast,Distance Driver,"14, 3, 0, 4"
Rat,Innova,Putt & Approach,"4, 2, 0, 3"
Rattler,Discraft,Putt & Approach,"2, 3, -1, 1"
Raven,Innova,Fairway Driver,"6, 4, -2, 2"
RAZERi,Prodiscus,Distance Driver,"12, 5, 0, 3"
Reactor,MVP,Mid-Range,"5, 5, 0, 1"
Reaper,Discraft,Fairway Driver,"8, 3, 0, 4"
Recoil,Latitude 64,Distance Driver,"12, 4, 0, 3"
Reef,DGA,Putt & Approach,"2, 2, -1, 1"
Reign,Salient Discs,Distance Driver,""
Reko,Kastaplast,Putt & Approach,"3, 3, 0, 1"
Relativity,MVP,Distance Driver,"14, 5, -3, 1"
Relay,MVP,Fairway Driver,"6, 5, -2, 1"
Relic,RIP,Putt & Approach,"2, 2, -2, 2"
Renegade,Dynamic Discs,Distance Driver,"11, 5, -2, 3"
Resistor,MVP,Fairway Driver,"7, 4, 0, 3"
RESPECTi,Prodiscus,Distance Driver,"8, 4, 0, 2"
Rhyno,Innova,Putt & Approach,"2, 1, 0, 3"
Ridge,Vibram,Putt & Approach,"2, 3, 0, 1"
Rift,Obsidian Discs,Putt & Approach,""
Ringer,Discraft,Putt & Approach,"3, 4, 0, 2"
Ringer-GT,Discraft,Putt & Approach,"3, 3, 0, 3"
Riot,Latitude 64,Distance Driver,"11, 4, -1, 2"
Rippa,RPM Discs,Putt & Approach,""
Riptide,DGA,Distance Driver,"9, 4, 0, 3"
Rival,Legacy,Fairway Driver,"7, 5, 0, 2"
Rive,Latitude 64,Distance Driver,"13, 5, 0, 3"
River,Latitude 64,Fairway Driver,"7, 7, -1, 1"
River Pro,Latitude 64,Fairway Driver,"6, 5, 0, 2"
Roach,Discraft,Putt & Approach,"2, 4, 0, 1"
Roadrunner,Innova,Distance Driver,"9, 5, -4, 1"
Roc,Innova,Mid-Range,"4, 4, 0, 3"
Roc X3,Innova,Mid-Range,""
Roc3,Innova,Mid-Range,"5, 4, 0, 3"
Rock-It,Quest AT,Mid-Range,""
Rocket,Prodiscus,Fairway Driver,"9, 4, 0, 3"
Rockstar,Discmania,Fairway Driver,"8, 5, -2, 1"
Rogue,DGA,Distance Driver,"11, 4, -1, 2"
RT Albatross,Franklin,Fairway Driver,""
RT Nite Owl,Franklin,Putt & Approach,""
RT Sparrow,Franklin,Mid-Range,""
Rubber Putter,Lightning,Putt & Approach,""
Ruby,Latitude 64,Putt & Approach,"3, 5, -3, 1"
Ruin,Infinite Discs,Putt & Approach,"3, 3, 0, 3"
Rune,Viking,Putt & Approach,""
Runway,Streamline,Putt & Approach,"5, 4, 0, 3"
Ruru,RPM Discs,Putt & Approach,"3, 3, 0, 1"
Sabertooth,Daredevil,Distance Driver,"9, 4, 0, 5"
Sabre,Gateway,Fairway Driver,"8, 5, -1, 1"
Sail,DGA,Distance Driver,"11, 6, -3, 1"
Saint,Latitude 64,Distance Driver,"9, 7, -2, 2"
Saint Pro,Latitude 64,Distance Driver,"8, 6, 0, 3"
Sampo,Westside,Distance Driver,"10, 4, -1, 2"
Samurai,Gateway,Distance Driver,"13, 6, -2, 1"
Sapphire,Latitude 64,Distance Driver,"10, 6, -2, 1"
Sarek,Latitude 64,Putt & Approach,"2, 4, 0, 1"
Sasquatch,Daredevil,Distance Driver,"12, 5, -5, 1"
Saturn,Pacific Cycle,Mid-Range,""
Savage,Gateway,Distance Driver,""
Savant,Innova,Fairway Driver,"9, 5, -1, 2"
Scale,Reptilian Disc Golf,Putt & Approach,"2, 1, 0, 3"
Scarab,Infinite Discs,Putt & Approach,"2, 4, 0, 1"
Scarb,Infinite Discs,Putt & Approach,""
Scepter,Infinite Discs,Fairway Driver,"9, 4, 0, 4"
Sceptor,Infinite Discs,Fairway Driver,""
Scorcher,Quest AT,Distance Driver,""
Scorpion,Innova,Mid-Range,"5, 5, -1, 2"
Scorpius,Millennium,Distance Driver,"13, 4, -1, 3"
Scout,Gateway,Mid-Range,"6, 5, -1, 2"
Scream,Quest AT,Distance Driver,""
Scream DT,Quest AT,Distance Driver,""
Scream Max,Quest AT,Distance Driver,""
Scythe,Latitude 64,Distance Driver,"12, 3, 0, 4"
Sea Serpent,Discmania,Distance Driver,""
Secret Weapon,ABC,Distance Driver,"10, 5, -3, 2"
Seer,Westside,Fairway Driver,"7, 5, -2, 1"
Sensei,Discmania,Putt & Approach,"3, 3, 0, 1"
Sentinel MF,Millennium,Mid-Range,"5, 4, 0, 4"
Sergeant,Dynamic Discs,Distance Driver,"11, 4, 0, 2"
Serpent,Reptilian Disc Golf,Putt & Approach,"2, 2, 0, 0"
Servo,MVP,Fairway Driver,"7, 5, -1, 2"
Seva,Kastaplast,Mid-Range,""
Shadow,Discraft,Fairway Driver,""
Shadow Extra,Discraft,Fairway Driver,""
Shaman,Gateway,Putt & Approach,"3, 3, -1, 1"
Shark,Innova,Mid-Range,"4, 4, 0, 2"
Shark3,Innova,Mid-Range,"5, 4, 0, 2"
Sharpshooter #1,Aerobie,Fairway Driver,""
Sharpshooter #2,Aerobie,Mid-Range,""
Sharpshooter #3,Aerobie,Putt & Approach,""
Sheriff,Dynamic Discs,Distance Driver,"13, 5, -1, 2"
Shield,Westside,Putt & Approach,"3, 3, 0, 1"
Shock,MVP,Fairway Driver,"8, 5, 0, 2"
Shockwave,DGA,Mid-Range,"4, 2, 0, 3"
Shogun,Discmania,Putt & Approach,"2, 4, 0, 2"
Shooting Star,Galaxy,Fairway Driver,""
Shryke,Innova,Distance Driver,"13, 6, -2, 2"
Shu,Yikun,Mid-Range,"4, 5, -2, 1"
Sidewinder,Innova,Distance Driver,"9, 5, -3, 1"
Signal,MVP,Fairway Driver,"6, 5, -3, 1"
Sinus,Latitude 64,Putt & Approach,"2, 2, 0, 2"
Siren,Gateway,Distance Driver,"13, 5, -2, 1"
Skeeter,Innova,Mid-Range,"5, 5, -1, 1"
Slab,Infinite Discs,Distance Driver,"12, 3, 0, 4"
SLAIDi,Prodiscus,Distance Driver,"12, 5, 0, 3"
Slammer,Dynamic Discs,Putt & Approach,"3, 2, 0, 3"
Slayer,Gateway,Distance Driver,"13, 5, -1, 2"
Sleipner,Guru,Distance Driver,""
Sling,Westside,Mid-Range,"5, 5, 0, 1"
Slipstream-GT,Discraft,Fairway Driver,""
Sniper,CHING,Mid-Range,""
Sol,Discraft,Mid-Range,"4, 5, -3, 0"
SoL (Ace Race 2018),Discraft,Mid-Range,""
Solace,Vibram,Distance Driver,"13, 4, 0, 4"
Sole,Vibram,Putt & Approach,"2, 3, 0, 2"
Sonic,Innova,Putt & Approach,"1, 2, -4, 0"
Sorcerer,Westside,Distance Driver,"13, 5, 0, 3"
Spark,Latitude 64,Fairway Driver,"7, 4, 0, 2"
Sparta,Prodiscus,Putt & Approach,"3, 3, 0, 0"
Spear,Gateway,Fairway Driver,"9, 6, -2, 1"
Spectra,Discraft,Distance Driver,"12, 5, -2, 2"
Speed Demon,Gateway,Distance Driver,"12, 3, 0, 4"
Sphinx,Infinite Discs,Fairway Driver,"9, 6, -3, 1"
Spider,Innova,Mid-Range,"5, 3, 0, 1"
Spike,Latitude 64,Putt & Approach,"4, 3, -1, 1"
Spin,MVP,Putt & Approach,"3, 4, -2, 0"
Spirit,Gateway,Distance Driver,"12, 4, 0, 4"
Splinter,Obsidian Discs,Putt & Approach,""
Spring Ox,Dismania,Mid-Range,""
Squall,DGA,Mid-Range,"6, 4, -1, 1"
Stabilizer,Streamline,Putt & Approach,"3, 4, 0, 3"
Stag,Westside,Fairway Driver,"8, 6, -1, 2"
Stal,Kastaplast,Fairway Driver,"9, 4, 0, 3"
Stalker,Discraft,Fairway Driver,"7, 5, -1, 2"
Starfire,Innova,Distance Driver,"10, 5, -1, 2"
Starfire-L (SL),Innova,Distance Driver,""
STARi,Prodiscus,Mid-Range,"5, 4, -2, 1"
Steady,DGA,Putt & Approach,"2, 3, 0, 1"
Steady BL,DGA,Putt & Approach,"2, 4, 0, 2"
Stego,Reptilian Disc Golf,Putt & Approach,"3, 1, 1, 4"
Stiletto,Latitude 64,Distance Driver,"13, 3, 0, 5"
Sting,Discraft,Fairway Driver,"7, 5, -2, 1"
Stinger,CHING,Mid-Range,""
Stingray,Innova,Mid-Range,"4, 5, -3, 1"
Storm,Discraft,Fairway Driver,""
Stratus,Discraft,Mid-Range,"5, 5, -3, 1"
Striker,Latitude 64,Distance Driver,"8, 5, 0, 2"
Stud,Innova,Putt & Approach,"3, 3, 0, 2"
Summit,Vibram,Putt & Approach,"2, 3, -1, 0"
Sun Crow,Discmania,Putt & Approach,""
Super Puppy,Destiny Discs,Putt & Approach,""
Super Stingray,Innova,Mid-Range,"4, 5, -1, 1"
Surge,Discraft,Distance Driver,"11, 5, -1, 3"
Surge SS,Discraft,Distance Driver,"11, 5, -1, 2"
Suspect,Dynamic Discs,Mid-Range,"4, 3, 0, 3"
Suture,Salient Discs,Fairway Driver,""
Svea,Kastaplast,Mid-Range,"5, 6, -1, 0"
Swan 1,Westside,Putt & Approach,""
Swan 1 Reborn,Westside,Putt & Approach,"3, 3, -2, 0"
Swan 2,Westside,Putt & Approach,""
Swift,AquaFlight Discs,Fairway Driver,""
Swift Fox,Daredevil,Fairway Driver,"7, 5, -3, 1"
Switch,MVP,Fairway Driver,"7, 5, -1, 1"
Sword,Westside,Distance Driver,"12, 5, 0, 2"
T-Bone,Quest AT,Fairway Driver,"8, 8, -1, 1"
Tachyon LF,Millennium,Fairway Driver,""
Tachyon LS,Millennium,Fairway Driver,""
Tactic,Discmania,Putt & Approach,"4, 2, 0, 3"
Taipan,Fourth Circle,Distance Driver,""
Talon,Discraft,Fairway Driver,"8, 3, 1, 3"
Tangent,MVP,Mid-Range,"4, 4, 0, 0"
Taniwha,RPM Discs,Fairway Driver,"10, 5, -2, 2"
Tank,Hyzer Bomb,Putt & Approach,"2, 2, 0, 2"
Tank (Original),CHING,Putt & Approach,""
Tantrum,Axiom,Distance Driver,"14, 5, -1, 3"
Taurus,Millennium,Mid-Range,"4, 4, 0, 4"
TD Rush,Discmania,Distance Driver,"10, 6, -2, 1"
TD2 Fever,Discmania,Distance Driver,"10, 5, -4, 1"
TDx,Discmania,Distance Driver,"9, 5, -3, 1"
Te Moko,RPM Discs,Mid-Range,""
Teebird,Innova,Fairway Driver,"7, 5, 0, 2"
Teebird-L (TL),Innova,Fairway Driver,""
Teebird3,Innova,Fairway Driver,"8, 4, 0, 2"
TeeDevil,Innova,Distance Driver,"12, 5, -1, 2"
TeeRex,Innova,Distance Driver,"11, 4, 0, 4"
TeeRex-X,Innova,Distance Driver,""
Teleport,MVP,Distance Driver,"14, 5, -1, 2"
Tempest,DGA,Distance Driver,"13, 5, -3, 2"
Tempest (DKG),DKG,Distance Driver,""
Tenacity,Axiom,Distance Driver,"13, 5, -2, 2"
Tensor,MVP,Mid-Range,"4, 4, 0, 2"
Terminator,Quest AT,Distance Driver,""
Tern,Innova,Distance Driver,"12, 6, -2, 2"
Terrapin,Paradigm,Mid-Range,""
Tesla,MVP,Distance Driver,"10, 4, 0, 2"
The Bat,Fly-by-nite,Fairway Driver,""
The Mission,ABC,Mid-Range,""
The Owl,Fly-by-nite,Fairway Driver,""
The Wheel,Quest AT,Putt & Approach,""
Theory,Axiom,Mid-Range,"4, 4, -1, 1"
Thief,Dynamic Discs,Fairway Driver,"8, 5, -1, 2"
Thor,Guru,Mid-Range,""
Thrasher,Discraft,Fairway Driver,"12, 5, -3, 2"
Thrill,Axiom,Distance Driver,"11, 4, 0, 3"
Thunder God Thor,Viking,Distance Driver,""
Thunderbird,Innova,Fairway Driver,"9, 5, 0, 2"
Tiger,Paradigm,Fairway Driver,""
Timberwolf,Daredevil,Fairway Driver,"8, 5, -1, 1"
Titan,Prodiscus,Distance Driver,"10, 4, 0, 3"
Titanic,DGA,Putt & Approach,"2, 2, 0, 2"
TL3,Innova,Fairway Driver,"8, 4, -1, 1"
Tomahawk (八 钺),YiKun,Mid-Range,"[0, 0, 0, 0]"
Tomb,Infinite Discs,Putt & Approach,"3, 4, 0, 1"
Torrent,DGA,Distance Driver,"14, 5, -1, 2"
Touch,Salient Discs,Putt & Approach,""
Touchline Bank,Wham-O,Fairway Driver,""
Touchline Over,Wham-O,Fairway Driver,""
Touchline Putter,Wham-O,Putt & Approach,""
Touchline True,Wham-O,Mid-Range,""
Touchline Under,Wham-O,Distance Driver,""
Trace,Streamline,Distance Driver,"11, 5, -1, 2"
Tracer,Discraft,Fairway Driver,""
Tracker,Discraft,Fairway Driver,"8, 5, -1, 3"
Train Wreck,Fly High Discs,Distance Driver,""
Trak,Vibram,Fairway Driver,"7, 4, -1, 2"
Transcend,Discwing,Mid-Range,""
Transition,Eurodisc,Mid-Range,""
Transporter,Eurodisc,Fairway Driver,""
Traveler,Full Turn Discs,Fairway Driver,""
Tremor,DGA,Mid-Range,"6, 5, -4, 1"
Trespass,Dynamic Discs,Distance Driver,"12, 5, -1, 3"
Trident,Latitude 64,Fairway Driver,"6, 4, 0, 3"
Truth,Dynamic Discs,Mid-Range,"5, 5, -1, 1"
Tsunami,DGA,Distance Driver,"10, 3, 0, 4"
Tui,RPM Discs,Fairway Driver,"3, 4, -1, 0"
Turbo Putt,Quest AT,Putt & Approach,"4, 1, -2, 2"
Tursas,Westside,Mid-Range,"5, 5, -2, 1"
Twin Swords,YiKun,Distance Driver,"12, 5, 0, 2"
Typhoon,Discraft,Fairway Driver,""
Tyrant,Reptilian Disc Golf,Fairway Driver,"7, 3, 0, 2"
U-2,Lightning,Putt & Approach,""
Undertaker,Discraft,Fairway Driver,"9, 5, -1, 2"
Undertow,DGA,Fairway Driver,"10, 4, -1, 1"
Underworld,Westside,Fairway Driver,"7, 6, -3, 1"
unLace,Vibram,Distance Driver,"14, 6, -5, 1"
Upshot,Lightning,Putt & Approach,""
Uranium,Element Discs,Mid-Range,"4, 2, 0, 2"
Vaccine,Salient Discs,Mid-Range,""
Valkyrie,Innova,Distance Driver,"9, 4, -2, 2"
Valley,Vibram,Fairway Driver,"7, 5, -1, 1"
Valor,Legacy,Mid-Range,"5, 5, 0, 2"
Vamp,Vibram,Fairway Driver,"7, 5, -2, 1"
Vandal,Dynamic Discs,Fairway Driver,"9, 5, -1, 2"
Vanish,Axiom,Distance Driver,"11, 5, -3, 2"
VCobra,Innova,Mid-Range,"5, 5, -1, 2"
Vector,MVP,Mid-Range,"5, 4, 0, 2"
Vein,Salient Discs,Fairway Driver,""
Velociraptor,Reptilian Disc Golf,Fairway Driver,"9, 4, 0, 2"
Velocity,CHING,Fairway Driver,"8, 5, -2, 2"
Vengeance,Legacy,Distance Driver,"10, 5, 0, 2"
Venom,Discraft,Distance Driver,"12, 4, 0, 4"
Verdict,Dynamic Discs,Mid-Range,"5, 4, 0, 3"
Vertex,MVP,Fairway Driver,"4, 4, -2, 0"
Veteran,Hyzer Bomb,Fairway Driver,"7, 4, 0, 1"
View,YiKun,Fairway Driver,"7, 6, 0, 1"
Viking,Innova,Distance Driver,"9, 4, -1, 2"
Villain,Latitude 64,Distance Driver,"12, 4, 0, 4"
Viper,Innova,Fairway Driver,"6, 4, 1, 5"
Virus,Axiom,Distance Driver,"9, 5, -3, 1"
Vision,Latitude 64,Fairway Driver,"8, 6, -1, 2"
Volt,MVP,Fairway Driver,"8, 5, 0, 2"
Voodoo,Gateway,Putt & Approach,"2, 3, 0, 0"
Vortex,Discraft,Fairway Driver,""
Voyage,Full Turn Discs,Distance Driver,""
Voyager,Wham-O,Fairway Driver,""
VP,Vibram,Putt & Approach,"2, 3, 0, 2"
VRoc,Innova,Mid-Range,"4, 4, 0, 2"
Vulcan,Innova,Distance Driver,"13, 5, -4, 2"
Vulture,Discraft,Fairway Driver,"10, 5, 0, 2"
Wahoo,Innova,Distance Driver,"12, 6, -2, 2"
Walrus,Daredevil,Mid-Range,"4, 5, 0, 3"
War Horse,Westside,Distance Driver,"13, 4, 0, 4"
War Spear,Gateway,Mid-Range,""
Warden,Dynamic Discs,Putt & Approach,"2, 4, 0, 0"
Warlock,Gateway,Putt & Approach,"2, 3, 0, 1"
Warrant,Dynamic Discs,Mid-Range,"5, 5, -2, 0"
Warrior,Gateway,Mid-Range,"5, 4, 0, 3"
Warship,Westside,Mid-Range,"5, 6, 0, 1"
Wasp,Discraft,Mid-Range,"5, 3, 0, 2"
Wave,MVP,Distance Driver,"11, 5, -2, 2"
Wedge,Innova,Putt & Approach,"4, 3, -3, 1"
Wei,YiKun,Distance Driver,"10, 5, -5, 1"
Whale,Innova,Putt & Approach,"2, 3, 0, 1"
Whippet,Innova,Fairway Driver,"6, 3, 1, 5"
Whippet-X,Innova,Fairway Driver,""
White Widow,Fly High Discs,Putt & Approach,""
Whitler,Snap Disc,Putt & Approach,""
Wildcat,Discraft,Distance Driver,"11, 5, -2, 3"
Wildfire,Quest AT,Mid-Range,""
Wing and a Prayer,DKG,Fairway Driver,""
Wings,YiKun,Mid-Range,"3, 3, 0, 2"
Witness,Dynamic Discs,Fairway Driver,"8, 6, -3, 1"
Wizard,Gateway,Putt & Approach,"2, 3, 0, 2"
Wo-Hoo,Las Aves,Fairway Driver,""
Wolf,Innova,Mid-Range,"4, 3, -4, 1"
Wolverine,Daredevil,Fairway Driver,"8, 5, -2, 2"
Wombat,Innova,Mid-Range,"5, 6, -1, 1"
Wombat3,Innova,Mid-Range,"5, 6, -1, 0"
Woodchuck,Daredevil,Putt & Approach,"2, 3, -1, 0"
World,Westside,Distance Driver,"14, 4, 0, 3"
Wraith,Innova,Distance Driver,"11, 5, -1, 3"
Wrath,Axiom,Distance Driver,"9, 4, -1, 2"
X-2,Discraft,Fairway Driver,""
X-Clone,Discraft,Fairway Driver,""
X1,Prodigy Disc,Distance Driver,"13, 3, 0, 5"
X2,Prodigy Disc,Distance Driver,"13, 4, 0, 4"
X3,Prodigy Disc,Distance Driver,"12, 5, -1, 2"
X4,Prodigy Disc,Distance Driver,"13, 5, -2, 2"
X5,Prodigy Disc,Distance Driver,"13, 5, -4, 1"
Xcaliber,Innova,Distance Driver,""
XD,Innova,Putt & Approach,"3, 4, -1, 1"
Xing,Yikun,Putt & Approach,"2, 4, 0, 1"
XL,Discraft,Fairway Driver,"8, 5, -1, 2"
XL-Superdrive,DGA,Fairway Driver,""
Xpress,Discraft,Fairway Driver,"8, 5, -3, 1"
XS,Discraft,Fairway Driver,"8, 5, -2, 3"
Xtra,Discraft,Fairway Driver,""
Xtreme,Discraft,Fairway Driver,"6, 3, 1, 4"
XXX,Latitude 64,Fairway Driver,"7, 3, 0, 4"
Yan,Yikun,Mid-Range,"3, 6, 0, 0"
Yao,YiKun,Mid-Range,"4, 4, 0, 2"
Yeti,Daredevil,Distance Driver,"13, 5, -3, 1"
Yeti Pro Aviar,Innova,Putt & Approach,""
Zephyr,Innova,Mid-Range,"2, 3, 0, 0"
Zeppelin,Discraft,Putt & Approach,""
Zeus (former Kong),Discraft,Fairway Driver,""
Zion,Latitude 64,Fairway Driver,"9, 4, 0, 3"
Zombee,Discraft,Fairway Driver,"6, 5, -1, 1"
Zone,Discraft,Putt & Approach,"4, 3, 0, 3"
